Workbook

Sheet Sheet1
A1: ID | B1: Hora de inicio | C1: Hora de finalización | D1: Correo electrónico | E1: Nombre | F1: Hora de la última modificación | G1: Nombre completo | H1: Rut (formato 12345678-9) | I1: LUNES 23 DE FEBRERO OP1: TOMATICAN CON ARROZOP2: POLLO AL JUGO CON ARROZOP3: HIPO TUTO CON REPOLLO-ZAPALLO ITALIANO-ZANAHORIA | J1: MARTES 24 DE FEBRERO OP1: POROTOS PILCO CON CHORIZO OP2: PRIETAS LIONESA CON PUREOP3: HIPO HAMBURGUESA DE VACUNO CON LECHUGA-TOMATE-CHOCLO | K1: MIERCOLES 25 DE FEBRERO OP1: CARNE MONGOLIANA CON ARROZOP2: CHAMPIÑON SALTEADO CON ARROZOP3: HIPO FRITO DE ATUN CON LECHUGA-PAPAS COCIDAS-CEBOLLA EN PLUMAS | L1: JUEVES 26 DE FEBRERO OP1: POLLO CUBOS ARVERJADO CON QUIFAROS OP2: POLLO PESTO CON QUIFAROS OP3: HIPO BISTEC DE POLLO CON POROTO VERDE -TOMATE-HABAS | M1: VIERNES 27 DE FEBRERO OP1: CHULETA ASADA CON ARROZ Y PAPAS FRITAS OP2: MILANESA DE POLLO CON ARROZ Y PAPAS FRITAS
A2: 1 | B2: 46069.58 | C2: 46069.581 | D2: anonymous | G2: XIMENA SALAZAR | H2: 8456853-8 | I2: VACACIONES/ADMINISTRATIVO | J2: Opción 3 | K2: VACACIONES/ADMINISTRATIVO | L2: VACACIONES/ADMINISTRATIVO | M2: VACACIONES/ADMINISTRATIVO
A3: 2 | B3: 46069.637 | C3: 46069.638 | D3: anonymous | G3: Diego Muñoz | H3: 21081008-0 | I3: Opción 3 | J3: Opción 3 | K3: Opción 1 | L3: Opción 3 | M3: Opción 2
A4: 3 | B4: 46069.637 | C4: 46069.638 | D4: anonymous | G4: Williams Tomas Escalona Maldonado | H4: 19818673-2 | I4: Opción 1 | J4: Opción 1 | K4: Opción 2 | L4: Opción 3 | M4: Opción 1
A5: 4 | B5: 46069.637 | C5: 46069.638 | D5: anonymous | G5: Kevin Ávila arce | H5: 18925037-1 | I5: Opción 3 | J5: Opción 3 | K5: Opción 1 | L5: Opción 3 | M5: Opción 2
A6: 5 | B6: 46069.638 | C6: 46069.639 | D6: anonymous | G6: Diana | H6: 25781650-8 | I6: VACACIONES/ADMINISTRATIVO | J6: VACACIONES/ADMINISTRATIVO | K6: VACACIONES/ADMINISTRATIVO | L6: Opción 2 | M6: Opción 2
A7: 6 | B7: 46069.637 | C7: 46069.639 | D7: anonymous | G7: Ariel Camus Vera | H7: 17415201-2 | I7: Opción 2 | J7: Opción 1 | K7: Opción 1 | L7: Opción 1 | M7: Opción 1
A8: 7 | B8: 46069.637 | C8: 46069.639 | D8: anonymous | G8: Miguel angel Negron bustos | H8: 19280241-5 | I8: Opción 2 | J8: Opción 3 | K8: Opción 3 | L8: Opción 3 | M8: Opción 2
A9: 8 | B9: 46069.637 | C9: 46069.639 | D9: anonymous | G9: Miguel duran irarrazabal | H9: 18127633-9 | I9: Opción 1 | J9: Opción 3 | K9: Opción 3 | L9: Opción 3 | M9: Opción 2
A10: 9 | B10: 46069.638 | C10: 46069.639 | D10: anonymous | G10: Axel acuña peña | H10: 20910090-8 | I10: Opción 3 | J10: Opción 3 | K10: Opción 3 | L10: Opción 3 | M10: Opción 2
A11: 10 | B11: 46069.638 | C11: 46069.639 | D11: anonymous | G11: BASTIÁN PÉREZ OJEDA | H11: 197429658 | I11: Opción 3 | J11: Opción 3 | K11: Opción 1 | L11: Opción 3 | M11: Opción 1
A12: 11 | B12: 46069.638 | C12: 46069.639 | D12: anonymous | G12: Pablo Damian Maureira Mendoza | H12: 19001512-2 | I12: Opción 1 | J12: Opción 3 | K12: Opción 1 | L12: Opción 2 | M12: Opción 2
A13: 12 | B13: 46069.638 | C13: 46069.639 | D13: anonymous | G13: Benjamín Andrés Molina Zúñiga | H13: 20048416-9 | I13: Opción 3 | J13: Opción 3 | K13: Opción 1 | L13: Opción 3 | M13: Opción 2
... A115: 114 | B115: 46072.513 | C115: 46072.515 | D115: anonymous | G115: Luis Morales | H115: 98926526 | I115: Opción 2 | J115: Opción 1 | K115: Opción 2 | L115: Opción 2 | M115: Opción 2

Sheet Hoja2
A1: ID | B1: RUT | C1: Nombre completo | D1: LUNES 23 DE FEBRERO OP1: TOMATICAN CON ARROZOP2: POLLO AL JUGO CON ARROZOP3: HIPO TUTO CON REPOLLO-ZAPALLO ITALIANO-ZANAHORIA | E1: MARTES 24 DE FEBRERO OP1: POROTOS PILCO CON CHORIZO OP2: PRIETAS LIONESA CON PUREOP3: HIPO HAMBURGUESA DE VACUNO CON LECHUGA-TOMATE-CHOCLO | F1: MIERCOLES 25 DE FEBRERO OP1: CARNE MONGOLIANA CON ARROZOP2: CHAMPIÑON SALTEADO CON ARROZOP3: HIPO FRITO DE ATUN CON LECHUGA-PAPAS COCIDAS-CEBOLLA EN PLUMAS | G1: JUEVES 26 DE FEBRERO OP1: POLLO CUBOS ARVERJADO CON QUIFAROS OP2: POLLO PESTO CON QUIFAROS OP3: HIPO BISTEC DE POLLO CON POROTO VERDE -TOMATE-HABAS | H1: VIERNES 27 DE FEBRERO OP1: CHULETA ASADA CON ARROZ Y PAPAS FRITAS OP2: MILANESA DE POLLO CON ARROZ Y PAPAS FRITAS | I1: TURNO ASIGNADO SEMANA 23 AL 27 DE FEBRERO 2026
A2: 1 | B2: 15163789-2 | C2: ABASCAL LIZANA CRISTOBAL MATIAS | D2: 2 | E2: 3 | F2: 1 | G2: 1 | H2: 1 | I2: AM
A3: =+A2+1 -> 2 | B3: 21161295-9 | C3: ACEVEDO CORTES NATALY JAVIERA | D3: 3 | E3: 3 | F3: 1 | G3: 2 | H3: 2 | I3: C
A4: =+A3+1 -> 3 | B4: 20054817-5 | C4: ACUÑA LAGOS JOSE IGNACIO | D4: 2 | E4: 3 | F4: 3 | G4: 3 | H4: 2 | I4: AM
A5: =+A4+1 -> 4 | B5: 20910090-8 | C5: ACUÑA PEÑA AXEL NICOLAS | D5: 3 | E5: 3 | F5: 3 | G5: 3 | H5: 2 | I5: PM
A6: =+A5+1 -> 5 | B6: 15995035-2 | C6: =VLOOKUP(B6,'[1]Base Trab'!$A$3:$B$243,2,0) -> ALARCON SANCHEZ ROSAMEL DEL TRANSITO | D6: 1 | E6: 1 | F6: 1 | G6: 1 | H6: 1 | I6: AM
A7: =+A6+1 -> 6 | B7: 21253994-5 | C7: ALBORNOZ ARAVENA GABRIEL MAXIMILIANO | D7: 2 | E7: 1 | F7: 1 | G7: 1 | H7: 1 | I7: AM
A8: =+A7+1 -> 7 | B8: 16780518-3 | C8: ALVAREZ CARRASCO FELIPE EDUARDO | D8: 2 | E8: 1 | F8: 1 | G8: 1 | H8: 2 | I8: PM
A9: =+A8+1 -> 8 | B9: 25045715-4 | C9: ARMAS RUIZ SEGUNDO DIONICIO | D9: 2 | E9: 3 | F9: 1 | G9: 3 | H9: 2 | I9: PM
A10: =+A9+1 -> 9 | B10: 11129943-9 | C10: AROS VARELA VICTOR HUGO | D10: 3 | E10: 1 | F10: 3 | G10: 3 | H10: 2 | I10: PM
A11: =+A10+1 -> 10 | B11: 25406099-2 | C11: =VLOOKUP(B11,'[1]Base Trab'!$A$3:$B$243,2,0) -> AVALOS CISNEROS FERNANDO | D11: 1 | E11: 1 | F11: 1 | G11: 1 | H11: 1 | I11: C
A12: =+A11+1 -> 11 | B12: 18925037-1 | C12: AVILA ARCE KEVIN EDUARDO | D12: 3 | E12: 3 | F12: 1 | G12: 3 | H12: 2 | I12: PM
A13: =+A12+1 -> 12 | B13: 25781650-8 | C13: AYENSA JIMENEZ DIANA VILLAR | D13: VACACIONES/ADMINISTRATIVO | E13: VACACIONES/ADMINISTRATIVO | F13: VACACIONES/ADMINISTRATIVO | G13: 2 | H13: 2 | I13: VAC
A14: =+A13+1 -> 13 | B14: 27474408-1 | C14: BELSUZARRE CAMPOS JUAN MARTÍN | D14: 2 | E14: 1 | F14: 1 | G14: 3 | H14: 1 | I14: PM
A15: =+A14+1 -> 14 | B15: 19681987-8 | C15: BRICEÑO SILVA KEVIN ALEJANDRO | D15: 2 | E15: 1 | F15: 3 | G15: 3 | H15: 2 | I15: C
A16: =+A15+1 -> 15 | B16: 22248240-2 | C16: BURGOS EUSTAQUIO ELMER | D16: 2 | E16: 3 | F16: 3 | G16: 3 | H16: 1 | I16: AM
A17: =+A16+1 -> 16 | B17: 20001354-9 | C17: CABEZA URREA MICHAEL BRANDON | D17: 2 | E17: 3 | F17: 1 | G17: 3 | H17: 1 | I17: PM
A18: =+A17+1 -> 17 | B18: 19754080-k | C18: CACERES CANALES LUIS ALFREDO | D18: 2 | E18: 3 | F18: 1 | G18: 1 | H18: 2 | I18: AM
A19: =+A18+1 -> 18 | B19: 20823745-4 | C19: CALDERON JORQUERA MICHAEL ESTEBAN | D19: 2 | E19: 3 | F19: 1 | G19: 1 | H19: 1 | I19: AM
A20: =+A19+1 -> 19 | B20: 27237007-9 | C20: CALLE ABRAMONTE GILBERTO | D20: 1 | E20: 3 | F20: 1 | G20: 3 | H20: 1 | I20: PM
A21: =+A20+1 -> 20 | B21: 17415201-2 | C21: CAMUS VERA ARIEL JESUS | D21: 2 | E21: 1 | F21: 1 | G21: 1 | H21: 1 | I21: PM
A22: =+A21+1 -> 21 | B22: 21475887-3 | C22: =VLOOKUP(B22,'[1]Base Trab'!$A$3:$B$243,2,0) -> CANO HERRERA JAVIER PERSI | D22: 1 | E22: 1 | F22: 1 | G22: 1 | H22: 1 | I22: PM
A23: =+A22+1 -> 22 | B23: 25371382-8 | C23: CAPCHA MEZA ALEX GERMAN | D23: 2 | E23: 3 | F23: 1 | G23: 2 | H23: 1 | I23: PM
A24: =+A23+1 -> 23 | B24: 22251178-k | C24: CARBAJAL CRUZADO VICTOR | D24: 2 | E24: 3 | F24: 1 | G24: 3 | H24: 1 | I24: PM
A25: =+A24+1 -> 24 | B25: 18726492-8 | C25: CARO VILLASECA DAVID ANTONIO | D25: 2 | E25: 3 | F25: 1 | G25: 1 | H25: 2 | I25: PM
A26: =+A25+1 -> 25 | B26: 22105181-5 | C26: CARQUIN GUAJARDO NICOLAS IGNACIO | D26: 2 | E26: 3 | F26: 1 | G26: 3 | H26: 2 | I26: AM
A27: =+A26+1 -> 26 | B27: 22105181-5 | C27: CARQUIN GUAJARDO NICOLAS IGNACIO | D27: 2 | E27: 3 | F27: 1 | G27: 3 | H27: 2 | I27: AM
A28: =+A27+1 -> 27 | B28: 9164465-7 | C28: CARRIZO GONZALEZ LEONEL ALAMIRO | D28: 2 | E28: 3 | F28: 1 | G28: 2 | H28: 1 | I28: AM
A29: =+A28+1 -> 28 | B29: 18385040-7 | C29: CASTILLO VERGARA CINDY MARLEN | D29: 2 | E29: 1 | F29: 2 | G29: 1 | H29: 1 | I29: AM
A30: =+A29+1 -> 29 | B30: 17150007-9 | C30: =VLOOKUP(B30,'[1]Base Trab'!$A$3:$B$243,2,0) -> COLIMAN RODRÍGUEZ FRANCISCO MANUEL | D30: 1 | E30: 1 | F30: 1 | G30: 1 | H30: 1 | I30: AM
A31: =+A30+1 -> 30 | B31: 27390589-8 | C31: CONDE CURI AGUSTIN | D31: 3 | E31: 3 | F31: 1 | G31: 3 | H31: 1 | I31: PM
A32: =+A31+1 -> 31 | B32: 19562442-9 | C32: CORTES CARMONA BASTIAN HERNAN | D32: 2 | E32: 3 | F32: 1 | G32: 2 | H32: 2 | I32: AM
A33: =+A32+1 -> 32 | B33: 19246868-K | C33: CRUZ C GONZALO | D33: 3 | E33: 3 | F33: 1 | G33: 2 | H33: 2 | I33: C
A34: =+A33+1 -> 33 | B34: 19187203-7 | C34: CRUZ GARCIA JORGE HERNAN | D34: 2 | E34: 2 | F34: 2 | G34: 2 | H34: 1 | I34: AM
A35: =+A34+1 -> 34 | B35: 25630389-2 | C35: DARIUS JHONNY | D35: 2 | E35: 3 | F35: 1 | G35: 2 | H35: 1 | I35: PM
A36: =+A35+1 -> 35 | B36: 14682203-7 | C36: DE LA CRUZ PIMINCHUMO VICTOR MANUEL | D36: VACACIONES/ADMINISTRATIVO | E36: VACACIONES/ADMINISTRATIVO | F36: VACACIONES/ADMINISTRATIVO | G36: VACACIONES/ADMINISTRATIVO | H36: VACACIONES/ADMINISTRATIVO | I36: VAC
A37: =+A36+1 -> 36 | B37: 20130821-6 | C37: =VLOOKUP(B37,'[1]Base Trab'!$A$3:$B$243,2,0) -> DELGADO LABRA NICOLAS IGNACIO | D37: 1 | E37: 1 | F37: 1 | G37: 1 | H37: 1 | I37: NOCHE
A38: =+A37+1 -> 37 | B38: 13800757-k | C38: DIAZ GARRIDO GUILLERMO ANTONIO | D38: 2 | E38: 1 | F38: 1 | G38: 3 | H38: 1 | I38: AM
A39: =+A38+1 -> 38 | B39: 13800757-k | C39: DIAZ GARRIDO GUILLERMO ANTONIO | D39: 2 | E39: 1 | F39: 1 | G39: 3 | H39: 1 | I39: AM
A40: =+A39+1 -> 39 | B40: 18127633-9 | C40: DURAN IRARRÁZABAL MIGUEL ANGEL | D40: 1 | E40: 3 | F40: 3 | G40: 3 | H40: 2 | I40: PM
A41: =+A40+1 -> 40 | B41: 13840721-7 | C41: ECHEVERRIA CARTAGENA OCTAVIO ALEJANDRO | D41: 3 | E41: 3 | F41: 3 | G41: 3 | H41: 2 | I41: PM
A42: =+A41+1 -> 41 | B42: 10168667-1 | C42: ESCALONA FARIAS JUAN CARLOS | D42: 2 | E42: 1 | F42: 1 | G42: 3 | H42: 2 | I42: AM
A43: =+A42+1 -> 42 | B43: 19818673-2 | C43: ESCALONA MALDONADO WILLIAMS TOMAS | D43: 1 | E43: 1 | F43: 2 | G43: 3 | H43: 1 | I43: PM
A44: =+A43+1 -> 43 | B44: 14585756-2 | C44: ESPINOSA ARENAS ALEJANDRO ENRIQUE | D44: 2 | E44: 3 | F44: 1 | G44: 3 | H44: 1 | I44: PM
A45: =+A44+1 -> 44 | B45: 17182236-k | C45: ESPINOZA CHANDIA DAVID ALBERTO | D45: 1 | E45: 3 | F45: 1 | G45: 1 | H45: 2 | I45: PM
A46: =+A45+1 -> 45 | B46: 9487471-8 | C46: FLORES SAAVEDRA JOSE ALBERTO | D46: VACACIONES/ADMINISTRATIVO | E46: VACACIONES/ADMINISTRATIVO | F46: VACACIONES/ADMINISTRATIVO | G46: VACACIONES/ADMINISTRATIVO | H46: VACACIONES/ADMINISTRATIVO | I46: AM
A47: =+A46+1 -> 46 | B47: 9481561-4 | C47: FLORES VIDAL FRANCISCO RODRIGO | D47: 3 | E47: 1 | F47: 3 | G47: 3 | H47: 1 | I47: AM
A48: =+A47+1 -> 47 | B48: 16930362-2 | C48: FUENTES CAVIERES NIZA VALESKA | D48: 1 | E48: 1 | F48: 3 | G48: 3 | H48: 2 | I48: C
A49: =+A48+1 -> 48 | B49: 15819718-9 | C49: GARCIA GARCIA NAYARET CATHERINNE | D49: 1 | E49: 3 | F49: 1 | G49: 1 | H49: 1 | I49: AM
A50: =+A49+1 -> 49 | B50: 25947499-k | C50: GONZALEZ MURILLO CARLOS MARIO | D50: 2 | E50: 3 | F50: 1 | G50: 1 | H50: 1 | I50: PM
A51: =+A50+1 -> 50 | B51: 27195140-k | C51: GOYOS MADRIZ MARÍA FERNANDA | D51: 3 | E51: 1 | F51: 1 | G51: 3 | H51: 1 | I51: C
A52: =+A51+1 -> 51 | B52: 24603138-k | C52: GUEVARA GARCIA JOHN ALEJANDRO | D52: 2 | E52: 2 | F52: 1 | G52: 1 | H52: 1 | I52: PM
A53: =+A52+1 -> 52 | B53: 20099812-k | C53: GUZMAN MARTINEZ ANDRES FAVIAN | D53: 2 | E53: 3 | F53: 1 | G53: 1 | H53: 2 | I53: AM
A54: =+A53+1 -> 53 | B54: 19168743-4 | C54: HERNANDEZ FUENTES CAMILA ANDREA | D54: 3 | E54: VACACIONES/ADMINISTRATIVO | F54: VACACIONES/ADMINISTRATIVO | G54: VACACIONES/ADMINISTRATIVO | H54: VACACIONES/ADMINISTRATIVO | I54: VAC
A55: =+A54+1 -> 54 | B55: 15686018-2 | C55: =VLOOKUP(B55,'[1]Base Trab'!$A$3:$B$243,2,0) -> HERRERA ASTETE EDWIN MAURICIO | D55: 1 | E55: 1 | F55: 1 | G55: 1 | H55: 1 | I55: PM
A56: =+A55+1 -> 55 | B56: 18603773-1 | C56: HERRERA ZAMBRANO CRISTOPHER IGNACIO | D56: 2 | E56: 3 | F56: 3 | G56: 1 | H56: 2 | I56: AM
A57: =+A56+1 -> 56 | B57: 18603773-1 | C57: HERRERA ZAMBRANO CRISTOPHER IGNACIO | D57: 2 | E57: 3 | F57: 3 | G57: 1 | H57: 2 | I57: AM
A58: =+A57+1 -> 57 | B58: 27395206-3 | C58: HUACARPUMA LIMA ROLY | D58: VACACIONES/ADMINISTRATIVO | E58: 3 | F58: 1 | G58: 3 | H58: 1 | I58: PM
A59: =+A58+1 -> 58 | B59: 17110641-9 | C59: =VLOOKUP(B59,'[1]Base Trab'!$A$3:$B$243,2,0) -> IRARRAZABAL VILLANUEVA ARIEL JESUS | D59: 1 | E59: 1 | F59: 1 | G59: 1 | H59: 1 | I59: AM
A60: =+A59+1 -> 59 | B60: 16986485-3 | C60: =VLOOKUP(B60,'[1]Base Trab'!$A$3:$B$243,2,0) -> LAGOS BRAVO IVAN ANDRES | D60: 1 | E60: 1 | F60: 1 | G60: 1 | H60: 1 | I60: PM
A61: =+A60+1 -> 60 | B61: 19918837-2 | C61: LAGOS MARTINEZ FABIAN ALEJANDRO | D61: 2 | E61: 1 | F61: 3 | G61: 2 | H61: 2 | I61: AM
A62: =+A61+1 -> 61 | B62: 17620879-1 | C62: =VLOOKUP(B62,'[1]Base Trab'!$A$3:$B$243,2,0) -> LAPLECHADE ORREGO FRANCISCO JAVIER | D62: 1 | E62: 1 | F62: 1 | G62: 1 | H62: 1 | I62: PM
A63: =+A62+1 -> 62 | B63: 10141211-3 | C63: LEIVA LOPEZ ALLAN HARRY | D63: 3 | E63: 3 | F63: 1 | G63: 3 | H63: 2 | I63: PM
A64: =+A63+1 -> 63 | B64: 25322034-1 | C64: =VLOOKUP(B64,'[1]Base Trab'!$A$3:$B$243,2,0) -> LEON LEON JEAN MARIE | D64: 1 | E64: 1 | F64: 1 | G64: 1 | H64: 1 | I64: C
A65: =+A64+1 -> 64 | B65: 19304186-8 | C65: LLANCAQUEO LLANCAQUEO SEBASTIAN ANTONIO | D65: 2 | E65: 3 | F65: 1 | G65: 3 | H65: 2 | I65: AM
A66: =+A65+1 -> 65 | B66: 22150213-2 | C66: LOZANO MAHECHA LILIANA | D66: 3 | E66: 3 | F66: NO | G66: NO | H66: 1 | I66: C
A67: =+A66+1 -> 66 | B67: 26061733-8 | C67: MANRIQUE GARCIA JEFFERSON | D67: 2 | E67: 3 | F67: 1 | G67: 2 | H67: 1 | I67: PM
A68: =+A67+1 -> 67 | B68: 15287012-4 | C68: =VLOOKUP(B68,'[1]Base Trab'!$A$3:$B$243,2,0) -> MANSILLA BARRIENTOS MARCIA DOLENA | D68: 1 | E68: 1 | F68: 1 | G68: 1 | H68: 1 | I68: PM
A69: =+A68+1 -> 68 | B69: 18276445-0 | C69: MARAMBIO PESCHKE GABRIEL ENRIQUE | D69: 2 | E69: 3 | F69: 2 | G69: 2 | H69: 2 | I69: PM
A70: =+A69+1 -> 69 | B70: 21254167-2 | C70: =VLOOKUP(B70,'[1]Base Trab'!$A$3:$B$243,2,0) -> MARTINEZ CONEJEROS BRYAN ALEJANDRO | D70: 1 | E70: 1 | F70: 1 | G70: 1 | H70: 1 | I70: PM
A71: =+A70+1 -> 70 | B71: 19001512-2 | C71: MAUREIRA MENDOZA PABLO DAMIAN | D71: 1 | E71: 3 | F71: 1 | G71: 2 | H71: 2 | I71: PM
A72: =+A71+1 -> 71 | B72: 14505469-9 | C72: MELIN MILLACURA CARLOS ANIBAL | D72: 2 | E72: 1 | F72: 2 | G72: 2 | H72: 2 | I72: C
A73: =+A72+1 -> 72 | B73: 25664618-8 | C73: MENDEZ ANDRADE SANDI JOSE | D73: 2 | E73: 2 | F73: 1 | G73: 3 | H73: 1 | I73: AM
A74: =+A73+1 -> 73 | B74: 25057090-2 | C74: =VLOOKUP(B74,'[1]Base Trab'!$A$3:$B$243,2,0) -> MENDEZ LARA KRISTOPHER ALEXANDER | D74: 1 | E74: 1 | F74: 1 | G74: 1 | H74: 1 | I74: AM
A75: =+A74+1 -> 74 | B75: 15234535-6 | C75: MENDEZ MANRIQUEZ GERARDO IVAN | D75: 2 | E75: 3 | F75: 3 | G75: 2 | H75: 1 | I75: AM
A76: =+A75+1 -> 75 | B76: 26821985-4 | C76: MENDO SAUCEDO JORGE LUIS | D76: 3 | E76: 3 | F76: 3 | G76: 3 | H76: 1 | I76: NOCHE
A77: =+A76+1 -> 76 | B77: 20219329-3 | C77: =VLOOKUP(B77,'[1]Base Trab'!$A$3:$B$243,2,0) -> MOLINA PAREDES FELIPE IGNACIO | D77: 1 | E77: 1 | F77: 1 | G77: 1 | H77: 1 | I77: C
A78: =+A77+1 -> 77 | B78: 20048416-9 | C78: MOLINA ZUNIGA BENJAMIN ANDRES | D78: 3 | E78: 3 | F78: 1 | G78: 3 | H78: 2 | I78: C
A79: =+A78+1 -> 78 | B79: 27322835-7 | C79: MONJES PERAZA CHARLIS DANIEL | D79: 2 | E79: 2 | F79: 1 | G79: 1 | H79: 1 | I79: AM
A80: =+A79+1 -> 79 | B80: 17770596-9 | C80: MORA MENESES JUAN PABLO | D80: 3 | E80: 3 | F80: 3 | G80: 2 | H80: 2 | I80: PM
A81: =+A80+1 -> 80 | B81: 17003790-1 | C81: MORA MORA FELIPE IGNACIO | D81: VACACIONES/ADMINISTRATIVO | E81: 3 | F81: VACACIONES/ADMINISTRATIVO | G81: VACACIONES/ADMINISTRATIVO | H81: VACACIONES/ADMINISTRATIVO | I81: C
A82: =+A81+1 -> 81 | B82: 9892652-6 | C82: MORALES JORQUERA LUIS EDUARDO | D82: 2 | E82: 1 | F82: 2 | G82: 2 | H82: 2 | I82: AM
A83: =+A82+1 -> 82 | B83: 21993393-2 | C83: =VLOOKUP(B83,'[1]Base Trab'!$A$3:$B$243,2,0) -> MOSTACERO BANCES WILSON LEO | D83: 1 | E83: 1 | F83: 1 | G83: 1 | H83: 1 | I83: PM
A84: =+A83+1 -> 83 | B84: 21081008-0 | C84: MUÑOZ HUERTA DIEGO ALEJANDRO | D84: 3 | E84: 3 | F84: 1 | G84: 3 | H84: 2 | I84: C
A85: =+A84+1 -> 84 | B85: 13460815-3 | C85: =VLOOKUP(B85,'[1]Base Trab'!$A$3:$B$243,2,0) -> MUÑOZ MUÑOZ RODOLFO IVAN | D85: 1 | E85: 1 | F85: 1 | G85: 1 | H85: 1 | I85: AM
A86: =+A85+1 -> 85 | B86: 19280241-5 | C86: NEGRON BUSTOS MIGUEL ANGEL | D86: 2 | E86: 3 | F86: 3 | G86: 3 | H86: 2 | I86: PM
A87: =+A86+1 -> 86 | B87: 10281436-3 | C87: =VLOOKUP(B87,'[1]Base Trab'!$A$3:$B$243,2,0) -> ORTIZ MUÑOZ DAVID ALFONSO | D87: 1 | E87: 1 | F87: 1 | G87: 1 | H87: 1 | I87: C
A88: =+A87+1 -> 87 | B88: 17261853-7 | C88: OSES RÍOS GUILLERMO EMILIO | D88: 3 | E88: 2 | F88: 3 | G88: 3 | H88: 2 | I88: AM
A89: =+A88+1 -> 88 | B89: 18674276-1 | C89: OSSA CORDERO JORGE AXEL | D89: 2 | E89: 3 | F89: 1 | G89: 1 | H89: 1 | I89: PM
A90: =+A89+1 -> 89 | B90: 16148907-7 | C90: OYARZUN GALLARDO RONALD ANDRES | D90: 1 | E90: 1 | F90: 3 | G90: 3 | H90: 1 | I90: AM
A91: =+A90+1 -> 90 | B91: 18121724-3 | C91: PALACIOS PERALTA PABLO ANDRES | D91: 3 | E91: 1 | F91: 3 | G91: 3 | H91: 1 | I91: AM
A92: =+A91+1 -> 91 | B92: 25953876-9 | C92: PARRA ROMERO LUIS JAVIER | D92: 2 | E92: 1 | F92: 1 | G92: 1 | H92: 2 | I92: PM
A93: =+A92+1 -> 92 | B93: 17426727-8 | C93: =VLOOKUP(B93,'[1]Base Trab'!$A$3:$B$243,2,0) -> PERALTA ESPINOZA GILBERTO IVAN | D93: 1 | E93: 1 | F93: 1 | G93: 1 | H93: 1 | I93: C
A94: =+A93+1 -> 93 | B94: 19742965-8 | C94: PEREZ OJEDA BASTIAN DE JESUS | D94: 3 | E94: 3 | F94: 1 | G94: 3 | H94: 1 | I94: C
A95: =+A94+1 -> 94 | B95: 19684427-9 | C95: PEREZ SOTO ANDREW BRYAN | D95: 3 | E95: 3 | F95: 3 | G95: 3 | H95: 1 | I95: PM
A96: =+A95+1 -> 95 | B96: 27470623-6 | C96: PIN ALVARADO ANDRES ANGEL | D96: 2 | E96: 3 | F96: 1 | G96: 3 | H96: 1 | I96: AM
A97: =+A96+1 -> 96 | B97: 17732407-8 | C97: PINO CRUZ RENZO GIOVANNI | D97: 3 | E97: 2 | F97: 3 | G97: 3 | H97: 2 | I97: AM
A98: =+A97+1 -> 97 | B98: 19565261-9 | C98: =VLOOKUP(B98,'[1]Base Trab'!$A$3:$B$243,2,0) -> PINO PULGAR KEVIN ANDRES | D98: 1 | E98: 1 | F98: 1 | G98: 1 | H98: 1 | I98: C
A99: =+A98+1 -> 98 | B99: 20383468-3 | C99: =VLOOKUP(B99,'[1]Base Trab'!$A$3:$B$243,2,0) -> PIÑA RONDA ALAN | D99: 1 | E99: 1 | F99: 1 | G99: 1 | H99: 1 | I99: AM
A100: =+A99+1 -> 99 | B100: 19069111-k | C100: PIÑA RONDA JOHAN ABEL | D100: 2 | E100: 2 | F100: 3 | G100: 3 | H100: 1 | I100: PM
...

Sheet TURNOS
A3: Cuenta de 23/02/2026 | C3: ID | G3: Cuenta de 24/02/2026 | I3: ID
A4: 23/02/2026 | B4: TURNO | C4: TURNO DIA | D4: TURNO TARDE | E4: Total general | G4: 24/02/2026 | H4: TURNO | I4: TURNO DIA | J4: TURNO TARDE | K4: Total general
A5: 1 | B5: AM | C5: 17 | E5: 17 | G5: 1 | H5: AM | I5: 26 | K5: 26
B6: C | C6: 11 | E6: 11 | H6: C | I6: 12 | K6: 12
B7: NOCHE | D7: 4 | E7: 4 | H7: NOCHE | J7: 4 | K7: 4
B8: PM | D8: 20 | E8: 20 | H8: PM | J8: 24 | K8: 24
A9: Total 1 | C9: 28 | D9: 24 | E9: 52 | G9: Total 1 | I9: 38 | J9: 28 | K9: 66
A10: 2 | B10: AM | C10: 36 | E10: 36 | G10: 2 | H10: AM | I10: 7 | K10: 7
B11: C | C11: 6 | E11: 6 | H11: C | I11: 2 | K11: 2
B12: NOCHE | D12: 2 | E12: 2 | H12: PM | J12: 3 | K12: 3
B13: PM | D13: 24 | E13: 24 | G13: Total 2 | I13: 9 | J13: 3 | K13: 12
A14: Total 2 | C14: 42 | D14: 26 | E14: 68 | G14: 3 | H14: AM | I14: 30 | K14: 30
A15: 3 | B15: AM | C15: 10 | E15: 10 | H15: C | I15: 14 | K15: 14
B16: C | C16: 10 | E16: 10 | H16: NOCHE | J16: 3 | K16: 3
B17: NOCHE | D17: 1 | E17: 1 | H17: PM | J17: 30 | K17: 30
B18: PM | D18: 12 | E18: 12 | G18: Total 3 | I18: 44 | J18: 33 | K18: 77
A19: Total 3 | C19: 20 | D19: 13 | E19: 33 | G19: Total general | I19: 91 | J19: 64 | K19: 155
A20: Total general | C20: 90 | D20: 63 | E20: 153
A23: Cuenta de 25/02/2026 | C23: ID
A24: 25/02/2026 | B24: TURNO | C24: TURNO DIA | D24: TURNO TARDE | E24: Total general | G24: Cuenta de 26/02/2026 | I24: ID
A25: 1 | B25: AM | C25: 40 | E25: 40 | G25: 26/02/2026 | H25: TURNO | I25: TURNO DIA | J25: TURNO TARDE | K25: Total general
B26: C | C26: 19 | E26: 19 | G26: 1 | H26: AM | I26: 28 | K26: 28
B27: NOCHE | D27: 5 | E27: 5 | H27: C | I27: 10 | K27: 10
B28: PM | D28: 43 | E28: 43 | H28: NOCHE | J28: 3 | K28: 3
A29: Total 1 | C29: 59 | D29: 48 | E29: 107 | H29: PM | J29: 27 | K29: 27
A30: 2 | B30: AM | C30: 5 | E30: 5 | G30: Total 1 | I30: 38 | J30: 30 | K30: 68
B31: C | C31: 1 | E31: 1 | G31: 2 | H31: AM | I31: 9 | K31: 9
B32: PM | D32: 3 | E32: 3 | H32: C | I32: 7 | K32: 7
A33: Total 2 | C33: 6 | D33: 3 | E33: 9 | H33: NOCHE | J33: 1 | K33: 1
A34: 3 | B34: AM | C34: 18 | E34: 18 | H34: PM | J34: 8 | K34: 8
B35: C | C35: 5 | E35: 5 | G35: Total 2 | I35: 16 | J35: 9 | K35: 25
B36: NOCHE | D36: 2 | E36: 2 | G36: 3 | H36: AM | I36: 26 | K36: 26
B37: PM | D37: 11 | E37: 11 | H37: C | I37: 10 | K37: 10
A38: Total 3 | C38: 23 | D38: 13 | E38: 36 | H38: NOCHE | J38: 3 | K38: 3
A39: Total general | C39: 88 | D39: 64 | E39: 152 | H39: PM | J39: 22 | K39: 22
G40: Total 3 | I40: 36 | J40: 25 | K40: 61
G41: Total general | I41: 90 | J41: 64 | K41: 154
A44: Cuenta de 27/02/2026 | C44: ID
A45: 27/02/2026 | B45: TURNO | C45: TURNO DIA | D45: TURNO TARDE | E45: Total general
A46: 1 | B46: AM | C46: 39 | E46: 39
B47: C | C47: 14 | E47: 14
B48: NOCHE | D48: 4 | E48: 4
B49: PM | D49: 39 | E49: 39
A50: Total 1 | C50: 53 | D50: 43 | E50: 96
A51: 2 | B51: AM | C51: 24 | E51: 24
B52: C | C52: 14 | E52: 14
B53: NOCHE | D53: 3 | E53: 3
B54: PM | D54: 18 | E54: 18
A55: Total 2 | C55: 38 | D55: 21 | E55: 59
A56: Total general | C56: 91 | D56: 64 | E56: 155

Sheet BASE
A1: ID | B1: RUT | C1: Nombre completo | D1: 46076 | E1: 46077 | F1: 46078 | G1: 46079 | H1: 46080 | I1: TURNO
A2: TURNO DIA | B2: 15163789-2 | C2: ABASCAL LIZANA CRISTOBAL MATIAS | D2: 2 | E2: 3 | F2: 1 | G2: 1 | H2: 1 | I2: AM
A3: TURNO DIA | B3: 20054817-5 | C3: ACUÑA LAGOS JOSE IGNACIO | D3: 2 | E3: 3 | F3: 3 | G3: 3 | H3: 2 | I3: AM
A4: TURNO DIA | B4: 15995035-2 | C4: ALARCON SANCHEZ ROSAMEL DEL TRANSITO | D4: 1 | E4: 1 | F4: 1 | G4: 1 | H4: 1 | I4: AM
A5: TURNO DIA | B5: 21253994-5 | C5: ALBORNOZ ARAVENA GABRIEL MAXIMILIANO | D5: 2 | E5: 1 | F5: 1 | G5: 1 | H5: 1 | I5: AM
A6: TURNO DIA | B6: 22248240-2 | C6: BURGOS EUSTAQUIO ELMER | D6: 2 | E6: 3 | F6: 3 | G6: 3 | H6: 1 | I6: AM
A7: TURNO DIA | B7: 19754080-k | C7: CACERES CANALES LUIS ALFREDO | D7: 2 | E7: 3 | F7: 1 | G7: 1 | H7: 2 | I7: AM
A8: TURNO DIA | B8: 20823745-4 | C8: CALDERON JORQUERA MICHAEL ESTEBAN | D8: 2 | E8: 3 | F8: 1 | G8: 1 | H8: 1 | I8: AM
A9: TURNO DIA | B9: 22105181-5 | C9: CARQUIN GUAJARDO NICOLAS IGNACIO | D9: 2 | E9: 3 | F9: 1 | G9: 3 | H9: 2 | I9: AM
A10: TURNO DIA | B10: 22105181-5 | C10: CARQUIN GUAJARDO NICOLAS IGNACIO | D10: 2 | E10: 3 | F10: 1 | G10: 3 | H10: 2 | I10: AM
A11: TURNO DIA | B11: 9164465-7 | C11: CARRIZO GONZALEZ LEONEL ALAMIRO | D11: 2 | E11: 3 | F11: 1 | G11: 2 | H11: 1 | I11: AM
A12: TURNO DIA | B12: 18385040-7 | C12: CASTILLO VERGARA CINDY MARLEN | D12: 2 | E12: 1 | F12: 2 | G12: 1 | H12: 1 | I12: AM
... A19: TURNO DIA | B19: 10168667-1 | C19: ESCALONA FARIAS JUAN CARLOS | D19: 2 | E19: 1 | F19: 1 | G19: 3 | H19: 2 | I19: AM
A20: TURNO DIA | B20: 9487471-8 | C20: FLORES SAAVEDRA JOSE ALBERTO | D20: VACACIONES/ADMINISTRATIVO | E20: VACACIONES/ADMINISTRATIVO | F20: VACACIONES/ADMINISTRATIVO | G20: VACACIONES/ADMINISTRATIVO | H20: VACACIONES/ADMINISTRATIVO | I20: AM
A21: TURNO DIA | B21: 9481561-4 | C21: FLORES VIDAL FRANCISCO RODRIGO | D21: 3 | E21: 1 | F21: 3 | G21: 3 | H21: 1 | I21: AM
A22: TURNO DIA | B22: 15819718-9 | C22: GARCIA GARCIA NAYARET CATHERINNE | D22: 1 | E22: 3 | F22: 1 | G22: 1 | H22: 1 | I22: AM
A23: TURNO DIA | B23: 20099812-k | C23: GUZMAN MARTINEZ ANDRES FAVIAN | D23: 2 | E23: 3 | F23: 1 | G23: 1 | H23: 2 | I23: AM
A24: TURNO DIA | B24: 18603773-1 | C24: HERRERA ZAMBRANO CRISTOPHER IGNACIO | D24: 2 | E24: 3 | F24: 3 | G24: 1 | H24: 2 | I24: AM
A25: TURNO DIA | B25: 18603773-1 | C25: HERRERA ZAMBRANO CRISTOPHER IGNACIO | D25: 2 | E25: 3 | F25: 3 | G25: 1 | H25: 2 | I25: AM
A26: TURNO DIA | B26: 17110641-9 | C26: IRARRAZABAL VILLANUEVA ARIEL JESUS | D26: 1 | E26: 1 | F26: 1 | G26: 1 | H26: 1 | I26: AM
A27: TURNO DIA | B27: 19918837-2 | C27: LAGOS MARTINEZ FABIAN ALEJANDRO | D27: 2 | E27: 1 | F27: 3 | G27: 2 | H27: 2 | I27: AM
A28: TURNO DIA | B28: 19304186-8 | C28: LLANCAQUEO LLANCAQUEO SEBASTIAN ANTONIO | D28: 2 | E28: 3 | F28: 1 | G28: 3 | H28: 2 | I28: AM
A29: TURNO DIA | B29: 25664618-8 | C29: MENDEZ ANDRADE SANDI JOSE | D29: 2 | E29: 2 | F29: 1 | G29: 3 | H29: 1 | I29: AM
A30: TURNO DIA | B30: 25057090-2 | C30: MENDEZ LARA KRISTOPHER ALEXANDER | D30: 1 | E30: 1 | F30: 1 | G30: 1 | H30: 1 | I30: AM
A31: TURNO DIA | B31: 15234535-6 | C31: MENDEZ MANRIQUEZ GERARDO IVAN | D31: 2 | E31: 3 | F31: 3 | G31: 2 | H31: 1 | I31: AM
A32: TURNO DIA | B32: 27322835-7 | C32: MONJES PERAZA CHARLIS DANIEL | D32: 2 | E32: 2 | F32: 1 | G32: 1 | H32: 1 | I32: AM
... A46: TURNO DIA | B46: 18697014-4 | C46: REBOLLEDO TREJOS NICOLAS ALEJANDRO | D46: 1 | E46: 1 | F46: 1 | G46: 1 | H46: 1 | I46: AM
A47: TURNO DIA | B47: 17064952-4 | C47: REBOLLEDO VERA FABIÁN ESTEBAN | D47: VACACIONES/ADMINISTRATIVO | E47: VACACIONES/ADMINISTRATIVO | F47: VACACIONES/ADMINISTRATIVO | G47: VACACIONES/ADMINISTRATIVO | H47: VACACIONES/ADMINISTRATIVO | I47: AM
A48: TURNO DIA | B48: 18191670-2 | C48: RETAMAL SALAS EMANUEL EDUARDO | D48: 3 | E48: 3 | F48: 1 | G48: 3 | H48: 1 | I48: AM
A49: TURNO DIA | B49: 19886666-0 | C49: ROJAS BUCAREY ALEXANDER ADRIAN | D49: 2 | E49: 3 | F49: 3 | G49: 2 | H49: 2 | I49: AM
A50: TURNO DIA | B50: 21200182-1 | C50: RUIZ ORBEGOZO JORGE LUIS | D50: 2 | E50: 3 | F50: 1 | G50: 1 | H50: 2 | I50: AM
A51: TURNO DIA | B51: 15722772-6 | C51: SALAS BECERRA OSCAR ALBERTO | D51: 3 | E51: 1 | F51: 3 | G51: 3 | H51: 1 | I51: AM
A52: TURNO DIA | B52: 15539417-K | C52: SANDOVAL QUEZADA OSCAR FERNANDO | D52: 1 | E52: 1 | F52: 1 | G52: 1 | H52: 1 | I52: AM
A53: TURNO DIA | B53: 15168413-0 | C53: SANDOVAL RUBILAR FREDY ALEJANDRO | D53: 1 | E53: 1 | F53: 1 | G53: 1 | H53: 1 | I53: AM
A54: TURNO DIA | B54: 19162455-6 | C54: SEGUEL ALVAREZ JUAN CARLOS | D54: 2 | E54: 3 | F54: 1 | G54: 3 | H54: 2 | I54: AM
A55: TURNO DIA | B55: 18977190-8 | C55: SOTO GONZÁLEZ FRANCISCO ORLANDO | D55: 3 | E55: 3 | F55: 3 | G55: 3 | H55: 2 | I55: AM
A56: TURNO DIA | B56: 17738525-5 | C56: SOTO REUMANTE CHRISTIAN ALEXIS | D56: 1 | E56: 1 | F56: 1 | G56: 1 | H56: 1 | I56: AM
A57: TURNO DIA | B57: 26171464-7 | C57: TEJADA GRANADA CRISTIAN SOLANO | D57: 2 | E57: 2 | F57: 2 | G57: 1 | H57: 1 | I57: AM
A58: TURNO DIA | B58: 21739451-1 | C58: VALENZUELA CASTILLO SERGIO FELIPE | D58: 3 | E58: 3 | F58: 3 | G58: 3 | H58: 1 | I58: AM
A59: TURNO DIA | B59: 26682304-5 | C59: VEGA ESTRADA JUAN FELIX | D59: 2 | E59: 3 | F59: 2 | G59: 1 | H59: 1 | I59: AM
... A68: TURNO DIA | B68: 25406099-2 | C68: AVALOS CISNEROS FERNANDO | D68: 1 | E68: 1 | F68: 1 | G68: 1 | H68: 1 | I68: C
A69: TURNO DIA | B69: 25781650-8 | C69: AYENSA JIMENEZ DIANA VILLAR | D69: VACACIONES/ADMINISTRATIVO | E69: VACACIONES/ADMINISTRATIVO | F69: VACACIONES/ADMINISTRATIVO | G69: 2 | H69: 2 | I69: C
A70: TURNO DIA | B70: 19681987-8 | C70: BRICEÑO SILVA KEVIN ALEJANDRO | D70: 2 | E70: 1 | F70: 3 | G70: 3 | H70: 2 | I70: C
A71: TURNO DIA | B71: 19246868-K | C71: CRUZ C GONZALO | D71: 3 | E71: 3 | F71: 1 | G71: 2 | H71: 2 | I71: C
A72: TURNO DIA | B72: 14682203-7 | C72: DE LA CRUZ PIMINCHUMO VICTOR MANUEL | D72: VACACIONES/ADMINISTRATIVO | E72: VACACIONES/ADMINISTRATIVO | F72: VACACIONES/ADMINISTRATIVO | G72: VACACIONES/ADMINISTRATIVO | H72: VACACIONES/ADMINISTRATIVO | I72: C
A73: TURNO DIA | B73: 16930362-2 | C73: FUENTES CAVIERES NIZA VALESKA | D73: 1 | E73: 1 | F73: 3 | G73: 3 | H73: 2 | I73: C
A74: TURNO DIA | B74: 27195140-k | C74: GOYOS MADRIZ MARÍA FERNANDA | D74: 3 | E74: 1 | F74: 1 | G74: 3 | H74: 1 | I74: C
A75: TURNO DIA | B75: 19168743-4 | C75: HERNANDEZ FUENTES CAMILA ANDREA | D75: 3 | E75: VACACIONES/ADMINISTRATIVO | F75: VACACIONES/ADMINISTRATIVO | G75: VACACIONES/ADMINISTRATIVO | H75: VACACIONES/ADMINISTRATIVO | I75: C
A76: TURNO DIA | B76: 25322034-1 | C76: LEON LEON JEAN MARIE | D76: 1 | E76: 1 | F76: 1 | G76: 1 | H76: 1 | I76: C
A77: TURNO DIA | B77: 22150213-2 | C77: LOZANO MAHECHA LILIANA | D77: 3 | E77: 3 | F77: NO | G77: NO | H77: 1 | I77: C
A78: TURNO DIA | B78: 14505469-9 | C78: MELIN MILLACURA CARLOS ANIBAL | D78: 2 | E78: 1 | F78: 2 | G78: 2 | H78: 2 | I78: C
A79: TURNO DIA | B79: 20219329-3 | C79: MOLINA PAREDES FELIPE IGNACIO | D79: 1 | E79: 1 | F79: 1 | G79: 1 | H79: 1 | I79: C
A80: TURNO DIA | B80: 20048416-9 | C80: MOLINA ZUNIGA BENJAMIN ANDRES | D80: 3 | E80: 3 | F80: 1 | G80: 3 | H80: 2 | I80: C
A81: TURNO DIA | B81: 19170786-9 | C81: MONTES UBILLA JUAN CARLOS | D81: 3 | E81: 3 | F81: 3 | G81: 3 | H81: 1 | I81: C
A82: TURNO DIA | B82: 17003790-1 | C82: MORA MORA FELIPE IGNACIO | D82: VACACIONES/ADMINISTRATIVO | E82: 3 | F82: VACACIONES/ADMINISTRATIVO | G82: VACACIONES/ADMINISTRATIVO | H82: VACACIONES/ADMINISTRATIVO | I82: C
A83: TURNO DIA | B83: 21081008-0 | C83: MUÑOZ HUERTA DIEGO ALEJANDRO | D83: 3 | E83: 3 | F83: 1 | G83: 3 | H83: 2 | I83: C
A84: TURNO DIA | B84: 10281436-3 | C84: ORTIZ MUÑOZ DAVID ALFONSO | D84: 1 | E84: 1 | F84: 1 | G84: 1 | H84: 1 | I84: C
A85: TURNO DIA | B85: 17426727-8 | C85: PERALTA ESPINOZA GILBERTO IVAN | D85: 1 | E85: 1 | F85: 1 | G85: 1 | H85: 1 | I85: C
A86: TURNO DIA | B86: 19742965-8 | C86: PEREZ OJEDA BASTIAN DE JESUS | D86: 3 | E86: 3 | F86: 1 | G86: 3 | H86: 1 | I86: C
A87: TURNO DIA | B87: 19565261-9 | C87: PINO PULGAR KEVIN ANDRES | D87: 1 | E87: 1 | F87: 1 | G87: 1 | H87: 1 | I87: C
A88: TURNO DIA | B88: 8456853-8 | C88: SALAZAR GUZMAN XIMENA | D88: VACACIONES/ADMINISTRATIVO | E88: 3 | F88: VACACIONES/ADMINISTRATIVO | G88: VACACIONES/ADMINISTRATIVO | H88: VACACIONES/ADMINISTRATIVO | I88: C
A89: TURNO DIA | B89: 10000806-8 | C89: SEPULVEDA GONZALEZ NELSON JOHN | D89: VACACIONES/ADMINISTRATIVO | E89: VACACIONES/ADMINISTRATIVO | F89: VACACIONES/ADMINISTRATIVO | G89: 1 | H89: 1 | I89: C
A90: TURNO DIA | B90: 21970536-0 | C90: SOLORZANO TAMARA YOSELINE YSABEL | D90: 2 | E90: 3 | F90: 1 | G90: 3 | H90: 2 | I90: C
A91: TURNO DIA | B91: 18862670-k | C91: SOTO MONDACA CLAUDIO FERNANDO | D91: 1 | E91: 2 | F91: 3 | G91: 2 | H91: 1 | I91: C
A92: TURNO DIA | B92: 13238091-0 | C92: TORO RUBILAR CLAUDIO CESAR | D92: 2 | E92: 2 | F92: 1 | G92: 3 | H92: 2 | I92: C
A93: TURNO DIA | B93: 26263619-4 | C93: VANGI GUZMAN DINO NICOLA DE JESUS | D93: 1 | E93: 3 | F93: 3 | G93: 2 | H93: 2 | I93: C
A94: TURNO DIA | B94: 20138497-4 | C94: VERA MUÑOZ BASTIAN IGNACIO | D94: 2 | E94: 3 | F94: 1 | G94: 2 | H94: 2 | I94: C
A95: TURNO DIA | B95: 20059508-4 | C95: VERGARA ALBORNOZ KAREN MARCELA | D95: 3 | E95: 3 | F95: 1 | G95: 3 | H95: 2 | I95: C
A96: TURNO DIA | B96: 19171156-4 | C96: VILLAGRAN MACHUCA NATANAEL RODRIGO | D96: 1 | E96: 1 | F96: 1 | G96: 1 | H96: 1 | I96: C
A97: TURNO DIA | B97: 13028690-9 | C97: VILLANUEVA MORENO MARIO ALEJANDRO | D97: 2 | E97: 3 | F97: 1 | G97: 1 | H97: 2 | I97: C
A98: TURNO DIA | B98: 44563760-2 | C98: ZAMBRANO SERRANO ELIAS RAMON | D98: 1 | E98: 1 | F98: 1 | G98: 1 | H98: 1 | I98: C
A99: TURNO TARDE | B99: 20130821-6 | C99: DELGADO LABRA NICOLAS IGNACIO | D99: 1 | E99: 1 | F99: 1 | G99: 1 | H99: 1 | I99: NOCHE
A100: TURNO TARDE | B100: 13479870-K | C100: FABIO ARAYA CLAUDIO FERNANDO | D100: 1 | E100: 1 | F100: 1 | G100: 1 | H100: 1 | I100: NOCHE
A101: TURNO TARDE | B101: 26821985-4 | C101: MENDO SAUCEDO JORGE LUIS | D101: 3 | E101: 3 | F101: 3 | G101: 3 | H101: 1 | I101: NOCHE
... A129: TURNO TARDE | B129: 15686018-2 | C129: HERRERA ASTETE EDWIN MAURICIO | D129: 1 | E129: 1 | F129: 1 | G129: 1 | H129: 1 | I129: PM
A130: TURNO TARDE | B130: 27395206-3 | C130: HUACARPUMA LIMA ROLY | D130: VACACIONES/ADMINISTRATIVO | E130: 3 | F130: 1 | G130: 3 | H130: 1 | I130: PM
A131: TURNO TARDE | B131: 16986485-3 | C131: LAGOS BRAVO IVAN ANDRES | D131: 1 | E131: 1 | F131: 1 | G131: 1 | H131: 1 | I131: PM
A132: TURNO TARDE | B132: 17620879-1 | C132: LAPLECHADE ORREGO FRANCISCO JAVIER | D132: 1 | E132: 1 | F132: 1 | G132: 1 | H132: 1 | I132: PM
A133: TURNO TARDE | B133: 10141211-3 | C133: LEIVA LOPEZ ALLAN HARRY | D133: 3 | E133: 3 | F133: 1 | G133: 3 | H133: 2 | I133: PM
A134: TURNO TARDE | B134: 26056584-2 | C134: MALDONADO MAÑAN BRYAN OMAR | D134: 1 | E134: 1 | F134: 1 | G134: 1 | H134: 1 | I134: PM
A135: TURNO TARDE | B135: 26061733-8 | C135: MANRIQUE GARCIA JEFFERSON | D135: 2 | E135: 3 | F135: 1 | G135: 2 | H135: 1 | I135: PM
A136: TURNO TARDE | B136: 15287012-4 | C136: MANSILLA BARRIENTOS MARCIA DOLENA | D136: 1 | E136: 1 | F136: 1 | G136: 1 | H136: 1 | I136: PM
A137: TURNO TARDE | B137: 18276445-0 | C137: MARAMBIO PESCHKE GABRIEL ENRIQUE | D137: 2 | E137: 3 | F137: 2 | G137: 2 | H137: 2 | I137: PM
A138: TURNO TARDE | B138: 21254167-2 | C138: MARTINEZ CONEJEROS BRYAN ALEJANDRO | D138: 1 | E138: 1 | F138: 1 | G138: 1 | H138: 1 | I138: PM
A139: TURNO TARDE | B139: 19001512-2 | C139: MAUREIRA MENDOZA PABLO DAMIAN | D139: 1 | E139: 3 | F139: 1 | G139: 2 | H139: 2 | I139: PM
A140: TURNO TARDE | B140: 13078992-7 | C140: MILLAN ARAVENA ALVARO | D140: 3 | E140: 3 | F140: 3 | G140: 3 | H140: 1 | I140: PM
A141: TURNO TARDE | B141: 17770596-9 | C141: MORA MENESES JUAN PABLO | D141: 3 | E141: 3 | F141: 3 | G141: 2 | H141: 2 | I141: PM
A142: TURNO TARDE | B142: 21993393-2 | C142: MOSTACERO BANCES WILSON LEO | D142: 1 | E142: 1 | F142: 1 | G142: 1 | H142: 1 | I142: PM
... A162: TURNO TARDE | B162: 20424848-6 | C162: VIVAR MIRANDA FELIPE ESTEBAN | D162: 2 | E162: 1 | F162: 1 | G162: 1 | H162: 2 | I162: PM

Sheet TOTEM
A1: ID | B1: RUT | C1: Nombre completo | D1: 46076 | E1: 46077 | F1: 46078 | G1: 46079 | H1: 46080 | I1: TURNO
D2: OP1: TOMATICAN CON ARROZ | E2: OP1: POROTOS PILCO CON CHORIZO | F2: OP1: CARNE MONGOLIANA CON ARROZ | G2: OP1: POLLO CUBOS ARVERJADO CON QUIFAROS | H2: OP1: CHULETA ASADA CON ARROZ Y PAPAS FRITAS
D3: OP2: POLLO AL JUGO CON ARROZ | E3: OP2: PRIETAS LIONESA CON PURE | F3: OP2: CHAMPIÑON SALTEADO CON ARROZ | G3: OP2: POLLO PESTO CON QUIFAROS | H3: OP2: MILANESA DE POLLO CON ARROZ Y PAPAS FRITAS
D4: OP3: HIPO TUTO CON REPOLLO-ZAPALLO ITALIANO-ZANAHORIA | E4: OP3: HIPO HAMBURGUESA DE VACUNO CON LECHUGA-TOMATE-CHOCLO | F4: OP3: HIPO FRITO DE ATUN CON LECHUGA-PAPAS COCIDAS-CEBOLLA EN PLUMAS | G4: OP3: HIPO BISTEC DE POLLO CON POROTO VERDE -TOMATE-HABAS
A6: TURNO DIA | B6: 15163789-2 | C6: ABASCAL LIZANA CRISTOBAL MATIAS | D6: 2 | E6: 3 | F6: 1 | G6: 1 | H6: 1 | I6: AM
A7: TURNO DIA | B7: 20054817-5 | C7: ACUÑA LAGOS JOSE IGNACIO | D7: 2 | E7: 3 | F7: 3 | G7: 3 | H7: 2 | I7: AM
A8: TURNO DIA | B8: 15995035-2 | C8: ALARCON SANCHEZ ROSAMEL DEL TRANSITO | D8: 1 | E8: 1 | F8: 1 | G8: 1 | H8: 1 | I8: AM
A9: TURNO DIA | B9: 21253994-5 | C9: ALBORNOZ ARAVENA GABRIEL MAXIMILIANO | D9: 2 | E9: 1 | F9: 1 | G9: 1 | H9: 1 | I9: AM
A10: TURNO DIA | B10: 22248240-2 | C10: BURGOS EUSTAQUIO ELMER | D10: 2 | E10: 3 | F10: 3 | G10: 3 | H10: 1 | I10: AM
A11: TURNO DIA | B11: 19754080-k | C11: CACERES CANALES LUIS ALFREDO | D11: 2 | E11: 3 | F11: 1 | G11: 1 | H11: 2 | I11: AM
A12: TURNO DIA | B12: 20823745-4 | C12: CALDERON JORQUERA MICHAEL ESTEBAN | D12: 2 | E12: 3 | F12: 1 | G12: 1 | H12: 1 | I12: AM
A13: TURNO DIA | B13: 22105181-5 | C13: CARQUIN GUAJARDO NICOLAS IGNACIO | D13: 2 | E13: 3 | F13: 1 | G13: 3 | H13: 2 | I13: AM
A14: TURNO DIA | B14: 22105181-5 | C14: CARQUIN GUAJARDO NICOLAS IGNACIO | D14: 2 | E14: 3 | F14: 1 | G14: 3 | H14: 2 | I14: AM
A15: TURNO DIA | B15: 9164465-7 | C15: CARRIZO GONZALEZ LEONEL ALAMIRO | D15: 2 | E15: 3 | F15: 1 | G15: 2 | H15: 1 | I15: AM
A16: TURNO DIA | B16: 18385040-7 | C16: CASTILLO VERGARA CINDY MARLEN | D16: 2 | E16: 1 | F16: 2 | G16: 1 | H16: 1 | I16: AM
A17: TURNO DIA | B17: 17150007-9 | C17: COLIMAN RODRÍGUEZ FRANCISCO MANUEL | D17: 1 | E17: 1 | F17: 1 | G17: 1 | H17: 1 | I17: AM
... A23: TURNO DIA | B23: 10168667-1 | C23: ESCALONA FARIAS JUAN CARLOS | D23: 2 | E23: 1 | F23: 1 | G23: 3 | H23: 2 | I23: AM
A24: TURNO DIA | B24: 9487471-8 | C24: FLORES SAAVEDRA JOSE ALBERTO | D24: VACACIONES/ADMINISTRATIVO | E24: VACACIONES/ADMINISTRATIVO | F24: VACACIONES/ADMINISTRATIVO | G24: VACACIONES/ADMINISTRATIVO | H24: VACACIONES/ADMINISTRATIVO | I24: AM
A25: TURNO DIA | B25: 9481561-4 | C25: FLORES VIDAL FRANCISCO RODRIGO | D25: 3 | E25: 1 | F25: 3 | G25: 3 | H25: 1 | I25: AM
A26: TURNO DIA | B26: 15819718-9 | C26: GARCIA GARCIA NAYARET CATHERINNE | D26: 1 | E26: 3 | F26: 1 | G26: 1 | H26: 1 | I26: AM
A27: TURNO DIA | B27: 20099812-k | C27: GUZMAN MARTINEZ ANDRES FAVIAN | D27: 2 | E27: 3 | F27: 1 | G27: 1 | H27: 2 | I27: AM
A28: TURNO DIA | B28: 18603773-1 | C28: HERRERA ZAMBRANO CRISTOPHER IGNACIO | D28: 2 | E28: 3 | F28: 3 | G28: 1 | H28: 2 | I28: AM
A29: TURNO DIA | B29: 18603773-1 | C29: HERRERA ZAMBRANO CRISTOPHER IGNACIO | D29: 2 | E29: 3 | F29: 3 | G29: 1 | H29: 2 | I29: AM
A30: TURNO DIA | B30: 17110641-9 | C30: IRARRAZABAL VILLANUEVA ARIEL JESUS | D30: 1 | E30: 1 | F30: 1 | G30: 1 | H30: 1 | I30: AM
A31: TURNO DIA | B31: 19918837-2 | C31: LAGOS MARTINEZ FABIAN ALEJANDRO | D31: 2 | E31: 1 | F31: 3 | G31: 2 | H31: 2 | I31: AM
A32: TURNO DIA | B32: 19304186-8 | C32: LLANCAQUEO LLANCAQUEO SEBASTIAN ANTONIO | D32: 2 | E32: 3 | F32: 1 | G32: 3 | H32: 2 | I32: AM
A33: TURNO DIA | B33: 25664618-8 | C33: MENDEZ ANDRADE SANDI JOSE | D33: 2 | E33: 2 | F33: 1 | G33: 3 | H33: 1 | I33: AM
A34: TURNO DIA | B34: 25057090-2 | C34: MENDEZ LARA KRISTOPHER ALEXANDER | D34: 1 | E34: 1 | F34: 1 | G34: 1 | H34: 1 | I34: AM
A35: TURNO DIA | B35: 15234535-6 | C35: MENDEZ MANRIQUEZ GERARDO IVAN | D35: 2 | E35: 3 | F35: 3 | G35: 2 | H35: 1 | I35: AM
A36: TURNO DIA | B36: 27322835-7 | C36: MONJES PERAZA CHARLIS DANIEL | D36: 2 | E36: 2 | F36: 1 | G36: 1 | H36: 1 | I36: AM
... A50: TURNO DIA | B50: 18697014-4 | C50: REBOLLEDO TREJOS NICOLAS ALEJANDRO | D50: 1 | E50: 1 | F50: 1 | G50: 1 | H50: 1 | I50: AM
A51: TURNO DIA | B51: 17064952-4 | C51: REBOLLEDO VERA FABIÁN ESTEBAN | D51: VACACIONES/ADMINISTRATIVO | E51: VACACIONES/ADMINISTRATIVO | F51: VACACIONES/ADMINISTRATIVO | G51: VACACIONES/ADMINISTRATIVO | H51: VACACIONES/ADMINISTRATIVO | I51: AM
A52: TURNO DIA | B52: 18191670-2 | C52: RETAMAL SALAS EMANUEL EDUARDO | D52: 3 | E52: 3 | F52: 1 | G52: 3 | H52: 1 | I52: AM
A53: TURNO DIA | B53: 19886666-0 | C53: ROJAS BUCAREY ALEXANDER ADRIAN | D53: 2 | E53: 3 | F53: 3 | G53: 2 | H53: 2 | I53: AM
A54: TURNO DIA | B54: 21200182-1 | C54: RUIZ ORBEGOZO JORGE LUIS | D54: 2 | E54: 3 | F54: 1 | G54: 1 | H54: 2 | I54: AM
A55: TURNO DIA | B55: 15722772-6 | C55: SALAS BECERRA OSCAR ALBERTO | D55: 3 | E55: 1 | F55: 3 | G55: 3 | H55: 1 | I55: AM
A56: TURNO DIA | B56: 15539417-K | C56: SANDOVAL QUEZADA OSCAR FERNANDO | D56: 1 | E56: 1 | F56: 1 | G56: 1 | H56: 1 | I56: AM
A57: TURNO DIA | B57: 15168413-0 | C57: SANDOVAL RUBILAR FREDY ALEJANDRO | D57: 1 | E57: 1 | F57: 1 | G57: 1 | H57: 1 | I57: AM
A58: TURNO DIA | B58: 19162455-6 | C58: SEGUEL ALVAREZ JUAN CARLOS | D58: 2 | E58: 3 | F58: 1 | G58: 3 | H58: 2 | I58: AM
A59: TURNO DIA | B59: 18977190-8 | C59: SOTO GONZÁLEZ FRANCISCO ORLANDO | D59: 3 | E59: 3 | F59: 3 | G59: 3 | H59: 2 | I59: AM
A60: TURNO DIA | B60: 17738525-5 | C60: SOTO REUMANTE CHRISTIAN ALEXIS | D60: 1 | E60: 1 | F60: 1 | G60: 1 | H60: 1 | I60: AM
A61: TURNO DIA | B61: 26171464-7 | C61: TEJADA GRANADA CRISTIAN SOLANO | D61: 2 | E61: 2 | F61: 2 | G61: 1 | H61: 1 | I61: AM
A62: TURNO DIA | B62: 21739451-1 | C62: VALENZUELA CASTILLO SERGIO FELIPE | D62: 3 | E62: 3 | F62: 3 | G62: 3 | H62: 1 | I62: AM
A63: TURNO DIA | B63: 26682304-5 | C63: VEGA ESTRADA JUAN FELIX | D63: 2 | E63: 3 | F63: 2 | G63: 1 | H63: 1 | I63: AM
... A72: TURNO DIA | B72: 25406099-2 | C72: AVALOS CISNEROS FERNANDO | D72: 1 | E72: 1 | F72: 1 | G72: 1 | H72: 1 | I72: C
A73: TURNO DIA | B73: 25781650-8 | C73: AYENSA JIMENEZ DIANA VILLAR | D73: VACACIONES/ADMINISTRATIVO | E73: VACACIONES/ADMINISTRATIVO | F73: VACACIONES/ADMINISTRATIVO | G73: 2 | H73: 2 | I73: C
A74: TURNO DIA | B74: 19681987-8 | C74: BRICEÑO SILVA KEVIN ALEJANDRO | D74: 2 | E74: 1 | F74: 3 | G74: 3 | H74: 2 | I74: C
A75: TURNO DIA | B75: 19246868-K | C75: CRUZ C GONZALO | D75: 3 | E75: 3 | F75: 1 | G75: 2 | H75: 2 | I75: C
A76: TURNO DIA | B76: 14682203-7 | C76: DE LA CRUZ PIMINCHUMO VICTOR MANUEL | D76: VACACIONES/ADMINISTRATIVO | E76: VACACIONES/ADMINISTRATIVO | F76: VACACIONES/ADMINISTRATIVO | G76: VACACIONES/ADMINISTRATIVO | H76: VACACIONES/ADMINISTRATIVO | I76: C
A77: TURNO DIA | B77: 16930362-2 | C77: FUENTES CAVIERES NIZA VALESKA | D77: 1 | E77: 1 | F77: 3 | G77: 3 | H77: 2 | I77: C
A78: TURNO DIA | B78: 27195140-k | C78: GOYOS MADRIZ MARÍA FERNANDA | D78: 3 | E78: 1 | F78: 1 | G78: 3 | H78: 1 | I78: C
A79: TURNO DIA | B79: 19168743-4 | C79: HERNANDEZ FUENTES CAMILA ANDREA | D79: 3 | E79: VACACIONES/ADMINISTRATIVO | F79: VACACIONES/ADMINISTRATIVO | G79: VACACIONES/ADMINISTRATIVO | H79: VACACIONES/ADMINISTRATIVO | I79: C
A80: TURNO DIA | B80: 25322034-1 | C80: LEON LEON JEAN MARIE | D80: 1 | E80: 1 | F80: 1 | G80: 1 | H80: 1 | I80: C
A81: TURNO DIA | B81: 22150213-2 | C81: LOZANO MAHECHA LILIANA | D81: 3 | E81: 3 | F81: NO | G81: NO | H81: 1 | I81: C
A82: TURNO DIA | B82: 14505469-9 | C82: MELIN MILLACURA CARLOS ANIBAL | D82: 2 | E82: 1 | F82: 2 | G82: 2 | H82: 2 | I82: C
A83: TURNO DIA | B83: 20219329-3 | C83: MOLINA PAREDES FELIPE IGNACIO | D83: 1 | E83: 1 | F83: 1 | G83: 1 | H83: 1 | I83: C
A84: TURNO DIA | B84: 20048416-9 | C84: MOLINA ZUNIGA BENJAMIN ANDRES | D84: 3 | E84: 3 | F84: 1 | G84: 3 | H84: 2 | I84: C
A85: TURNO DIA | B85: 19170786-9 | C85: MONTES UBILLA JUAN CARLOS | D85: 3 | E85: 3 | F85: 3 | G85: 3 | H85: 1 | I85: C
A86: TURNO DIA | B86: 17003790-1 | C86: MORA MORA FELIPE IGNACIO | D86: VACACIONES/ADMINISTRATIVO | E86: 3 | F86: VACACIONES/ADMINISTRATIVO | G86: VACACIONES/ADMINISTRATIVO | H86: VACACIONES/ADMINISTRATIVO | I86: C
A87: TURNO DIA | B87: 21081008-0 | C87: MUÑOZ HUERTA DIEGO ALEJANDRO | D87: 3 | E87: 3 | F87: 1 | G87: 3 | H87: 2 | I87: C
A88: TURNO DIA | B88: 10281436-3 | C88: ORTIZ MUÑOZ DAVID ALFONSO | D88: 1 | E88: 1 | F88: 1 | G88: 1 | H88: 1 | I88: C
A89: TURNO DIA | B89: 17426727-8 | C89: PERALTA ESPINOZA GILBERTO IVAN | D89: 1 | E89: 1 | F89: 1 | G89: 1 | H89: 1 | I89: C
A90: TURNO DIA | B90: 19742965-8 | C90: PEREZ OJEDA BASTIAN DE JESUS | D90: 3 | E90: 3 | F90: 1 | G90: 3 | H90: 1 | I90: C
A91: TURNO DIA | B91: 19565261-9 | C91: PINO PULGAR KEVIN ANDRES | D91: 1 | E91: 1 | F91: 1 | G91: 1 | H91: 1 | I91: C
A92: TURNO DIA | B92: 8456853-8 | C92: SALAZAR GUZMAN XIMENA | D92: VACACIONES/ADMINISTRATIVO | E92: 3 | F92: VACACIONES/ADMINISTRATIVO | G92: VACACIONES/ADMINISTRATIVO | H92: VACACIONES/ADMINISTRATIVO | I92: C
A93: TURNO DIA | B93: 10000806-8 | C93: SEPULVEDA GONZALEZ NELSON JOHN | D93: VACACIONES/ADMINISTRATIVO | E93: VACACIONES/ADMINISTRATIVO | F93: VACACIONES/ADMINISTRATIVO | G93: 1 | H93: 1 | I93: C
A94: TURNO DIA | B94: 21970536-0 | C94: SOLORZANO TAMARA YOSELINE YSABEL | D94: 2 | E94: 3 | F94: 1 | G94: 3 | H94: 2 | I94: C
A95: TURNO DIA | B95: 18862670-k | C95: SOTO MONDACA CLAUDIO FERNANDO | D95: 1 | E95: 2 | F95: 3 | G95: 2 | H95: 1 | I95: C
A96: TURNO DIA | B96: 13238091-0 | C96: TORO RUBILAR CLAUDIO CESAR | D96: 2 | E96: 2 | F96: 1 | G96: 3 | H96: 2 | I96: C
A97: TURNO DIA | B97: 26263619-4 | C97: VANGI GUZMAN DINO NICOLA DE JESUS | D97: 1 | E97: 3 | F97: 3 | G97: 2 | H97: 2 | I97: C
A98: TURNO DIA | B98: 20138497-4 | C98: VERA MUÑOZ BASTIAN IGNACIO | D98: 2 | E98: 3 | F98: 1 | G98: 2 | H98: 2 | I98: C
A99: TURNO DIA | B99: 20059508-4 | C99: VERGARA ALBORNOZ KAREN MARCELA | D99: 3 | E99: 3 | F99: 1 | G99: 3 | H99: 2 | I99: C
A100: TURNO DIA | B100: 19171156-4 | C100: VILLAGRAN MACHUCA NATANAEL RODRIGO | D100: 1 | E100: 1 | F100: 1 | G100: 1 | H100: 1 | I100: C
A101: TURNO DIA | B101: 13028690-9 | C101: VILLANUEVA MORENO MARIO ALEJANDRO | D101: 2 | E101: 3 | F101: 1 | G101: 1 | H101: 2 | I101: C
A102: TURNO DIA | B102: 44563760-2 | C102: ZAMBRANO SERRANO ELIAS RAMON | D102: 1 | E102: 1 | F102: 1 | G102: 1 | H102: 1 | I102: C
A103: TURNO TARDE | B103: 20130821-6 | C103: DELGADO LABRA NICOLAS IGNACIO | D103: 1 | E103: 1 | F103: 1 | G103: 1 | H103: 1 | I103: NOCHE
A104: TURNO TARDE | B104: 13479870-K | C104: FABIO ARAYA CLAUDIO FERNANDO | D104: 1 | E104: 1 | F104: 1 | G104: 1 | H104: 1 | I104: NOCHE
A105: TURNO TARDE | B105: 26821985-4 | C105: MENDO SAUCEDO JORGE LUIS | D105: 3 | E105: 3 | F105: 3 | G105: 3 | H105: 1 | I105: NOCHE
... A133: TURNO TARDE | B133: 15686018-2 | C133: HERRERA ASTETE EDWIN MAURICIO | D133: 1 | E133: 1 | F133: 1 | G133: 1 | H133: 1 | I133: PM
A134: TURNO TARDE | B134: 27395206-3 | C134: HUACARPUMA LIMA ROLY | D134: VACACIONES/ADMINISTRATIVO | E134: 3 | F134: 1 | G134: 3 | H134: 1 | I134: PM
A135: TURNO TARDE | B135: 16986485-3 | C135: LAGOS BRAVO IVAN ANDRES | D135: 1 | E135: 1 | F135: 1 | G135: 1 | H135: 1 | I135: PM
A136: TURNO TARDE | B136: 17620879-1 | C136: LAPLECHADE ORREGO FRANCISCO JAVIER | D136: 1 | E136: 1 | F136: 1 | G136: 1 | H136: 1 | I136: PM
A137: TURNO TARDE | B137: 10141211-3 | C137: LEIVA LOPEZ ALLAN HARRY | D137: 3 | E137: 3 | F137: 1 | G137: 3 | H137: 2 | I137: PM
A138: TURNO TARDE | B138: 26056584-2 | C138: MALDONADO MAÑAN BRYAN OMAR | D138: 1 | E138: 1 | F138: 1 | G138: 1 | H138: 1 | I138: PM
A139: TURNO TARDE | B139: 26061733-8 | C139: MANRIQUE GARCIA JEFFERSON | D139: 2 | E139: 3 | F139: 1 | G139: 2 | H139: 1 | I139: PM
A140: TURNO TARDE | B140: 15287012-4 | C140: MANSILLA BARRIENTOS MARCIA DOLENA | D140: 1 | E140: 1 | F140: 1 | G140: 1 | H140: 1 | I140: PM
A141: TURNO TARDE | B141: 18276445-0 | C141: MARAMBIO PESCHKE GABRIEL ENRIQUE | D141: 2 | E141: 3 | F141: 2 | G141: 2 | H141: 2 | I141: PM
A142: TURNO TARDE | B142: 21254167-2 | C142: MARTINEZ CONEJEROS BRYAN ALEJANDRO | D142: 1 | E142: 1 | F142: 1 | G142: 1 | H142: 1 | I142: PM
A143: TURNO TARDE | B143: 19001512-2 | C143: MAUREIRA MENDOZA PABLO DAMIAN | D143: 1 | E143: 3 | F143: 1 | G143: 2 | H143: 2 | I143: PM
A144: TURNO TARDE | B144: 13078992-7 | C144: MILLAN ARAVENA ALVARO | D144: 3 | E144: 3 | F144: 3 | G144: 3 | H144: 1 | I144: PM
A145: TURNO TARDE | B145: 17770596-9 | C145: MORA MENESES JUAN PABLO | D145: 3 | E145: 3 | F145: 3 | G145: 2 | H145: 2 | I145: PM
A146: TURNO TARDE | B146: 21993393-2 | C146: MOSTACERO BANCES WILSON LEO | D146: 1 | E146: 1 | F146: 1 | G146: 1 | H146: 1 | I146: PM
... A166: TURNO TARDE | B166: 20424848-6 | C166: VIVAR MIRANDA FELIPE ESTEBAN | D166: 2 | E166: 1 | F166: 1 | G166: 1 | H166: 2 | I166: PM

Sheet RESUMEN
C3: 46076 | D3: 46077 | E3: 46078 | F3: 46079 | G3: 46080
C5: OP1: TOMATICAN CON ARROZ | D5: OP1: POROTOS PILCO CON CHORIZO | E5: OP1: CARNE MONGOLIANA CON ARROZ | F5: OP1: POLLO CUBOS ARVERJADO CON QUIFAROS | G5: OP1: CHULETA ASADA CON ARROZ Y PAPAS FRITAS
C6: OP2: POLLO AL JUGO CON ARROZ | D6: OP2: PRIETAS LIONESA CON PURE | E6: OP2: CHAMPIÑON SALTEADO CON ARROZ | F6: OP2: POLLO PESTO CON QUIFAROS | G6: OP2: MILANESA DE POLLO CON ARROZ Y PAPAS FRITAS
C7: OP3: HIPO TUTO CON REPOLLO-ZAPALLO ITALIANO-ZANAHORIA | D7: OP3: HIPO HAMBURGUESA DE VACUNO CON LECHUGA-TOMATE-CHOCLO | E7: OP3: HIPO FRITO DE ATUN CON LECHUGA-PAPAS COCIDAS-CEBOLLA EN PLUMAS | F7: OP3: HIPO BISTEC DE POLLO CON POROTO VERDE -TOMATE-HABAS
B9: 1 | C9: =COUNTIF(BASE!D:D,RESUMEN!$B$9) -> 52 | D9: =COUNTIF(BASE!E:E,RESUMEN!$B$9) -> 66 | E9: =COUNTIF(BASE!F:F,RESUMEN!$B$9) -> 107 | F9: =COUNTIF(BASE!G:G,RESUMEN!$B$9) -> 68 | G9: =COUNTIF(BASE!H:H,RESUMEN!$B$9) -> 96
B10: 2 | C10: =COUNTIF(BASE!D:D,RESUMEN!$B$10) -> 68 | D10: =COUNTIF(BASE!E:E,RESUMEN!$B$10) -> 12 | E10: =COUNTIF(BASE!F:F,RESUMEN!$B$10) -> 9 | F10: =COUNTIF(BASE!G:G,RESUMEN!$B$10) -> 25 | G10: =COUNTIF(BASE!H:H,RESUMEN!$B$10) -> 59
B11: 3 | C11: =COUNTIF(BASE!D:D,RESUMEN!$B$11) -> 33 | D11: =COUNTIF(BASE!E:E,RESUMEN!$B$11) -> 77 | E11: =COUNTIF(BASE!F:F,RESUMEN!$B$11) -> 36 | F11: =COUNTIF(BASE!G:G,RESUMEN!$B$11) -> 61 | G11: =COUNTIF(BASE!H:H,RESUMEN!$B$11) -> 0
C13: =SUM(C9:C12) -> 153 | D13: =SUM(D9:D12) -> 155 | E13: =SUM(E9:E12) -> 152 | F13: =SUM(F9:F12) -> 154 | G13: =SUM(G9:G12) -> 155
C15: 153 | D15: 155 | E15: 152 | F15: 154 | G15: 155
C17: 153
C18: 155
C19: 152
C20: 154
C21: 155
